tag,seconds_fit,seconds_predict,peak_GB,hardware,file
Hotel_RBFSVM_fit+predict,28.99120880800001,12.917971625999598,0.762,"{'platform': 'Linux-6.6.105+-x86_64-with-glibc2.35', 'python': '3.12.12', 'cpu_count': 8, 'ram_gb': 54.75}",rbfsvm_profile.json
Hotel_kNN_fit+predict,0.3771307520000846,6.0124678490001315,0.669,"{'platform': 'Linux-6.6.105+-x86_64-with-glibc2.35', 'python': '3.12.12', 'cpu_count': 8, 'ram_gb': 54.75}",knn_profile.json
Hotel_DT_fit+predict,0.49058756800013725,0.08234207900000001,0.55,"{'platform': 'Linux-6.6.105+-x86_64-with-glibc2.35', 'python': '3.12.12', 'cpu_count': 8, 'ram_gb': 54.75}",dt_profile.json
Hotel_LinSVM_fit+predict,5.777421378999861,0.11778471500019805,0.755,"{'platform': 'Linux-6.6.105+-x86_64-with-glibc2.35', 'python': '3.12.12', 'cpu_count': 8, 'ram_gb': 54.75}",linsvm_profile.json
Hotel_MLP_fit+predict,46.31430232899993,0.523706761000085,1.038,"{'platform': 'Linux-6.6.105+-x86_64-with-glibc2.35', 'python': '3.12.12', 'cpu_count': 8, 'ram_gb': 54.75}",mlp_profile.json
