tag,seconds_fit,seconds_predict,peak_GB,hardware,file
Acc_kNNReg_fit+predict,0.7954694800000652,118.31752758499988,3.245,"{'platform': 'Linux-6.6.105+-x86_64-with-glibc2.35', 'python': '3.12.12', 'cpu_count': 8, 'ram_gb': 54.75}",knn_profile.json
Acc_SVR_fit+predict,121.8256047470004,39.10185130900027,3.621,"{'platform': 'Linux-6.6.105+-x86_64-with-glibc2.35', 'python': '3.12.12', 'cpu_count': 8, 'ram_gb': 54.75}",svr_profile.json
Acc_SGDR_fit+predict,4.481161951000104,0.27326804000040283,3.628,"{'platform': 'Linux-6.6.105+-x86_64-with-glibc2.35', 'python': '3.12.12', 'cpu_count': 8, 'ram_gb': 54.75}",sgdr_profile.json
Acc_MLPReg_fit+predict,82.73988112400002,1.3245782699996198,3.767,"{'platform': 'Linux-6.6.105+-x86_64-with-glibc2.35', 'python': '3.12.12', 'cpu_count': 8, 'ram_gb': 54.75}",mlp_profile.json
Acc_DTR_fit+predict,21.042540289000044,0.2837439509999058,3.165,"{'platform': 'Linux-6.6.105+-x86_64-with-glibc2.35', 'python': '3.12.12', 'cpu_count': 8, 'ram_gb': 54.75}",dtr_profile.json
